name,url
Amber Neal,https://www.linkedin.com/in/corymarsh
Joshua Young,https://www.linkedin.com/in/fisherlucas
Bruce Baker,https://www.linkedin.com/in/davidblake
Aaron Brewer,https://www.linkedin.com/in/toni08
Kathleen Baker,https://www.linkedin.com/in/vbrown
Johnathan Leonard,https://www.linkedin.com/in/ljohnson
Susan Warren,https://www.linkedin.com/in/trobbins
Loretta Martinez,https://www.linkedin.com/in/ewilliamson
Darren Williams,https://www.linkedin.com/in/jesus66
Lisa Adams,https://www.linkedin.com/in/kcarter
Anthony Juarez,https://www.linkedin.com/in/owenskimberly
Toni Harris,https://www.linkedin.com/in/henrybrandy
Jeffrey Olson,https://www.linkedin.com/in/jamesjordan
Tracy Lopez,https://www.linkedin.com/in/davidwilliams
Jennifer Fox,https://www.linkedin.com/in/wthornton
George Alvarado,https://www.linkedin.com/in/patricia21
Vincent Holder,https://www.linkedin.com/in/david08
Jeffrey Dawson,https://www.linkedin.com/in/blackjoseph
Harry Wilson,https://www.linkedin.com/in/sullivanmelissa
Natalie Shaffer,https://www.linkedin.com/in/jeremypatterson
Ryan George,https://www.linkedin.com/in/guerraamy
Kristy Huff,https://www.linkedin.com/in/dannyjohnson
Sharon Johnson,https://www.linkedin.com/in/masseydawn
Andrew Dominguez,https://www.linkedin.com/in/jodi14
Sean Simon,https://www.linkedin.com/in/ahines
Kyle Underwood,https://www.linkedin.com/in/johncampbell
Tammy Ramirez,https://www.linkedin.com/in/qstevens
Kathy Brown,https://www.linkedin.com/in/hernandezjeffrey
Alice Miller,https://www.linkedin.com/in/leah89
Jacqueline Gibson,https://www.linkedin.com/in/jimenezdiane
John Lawrence,https://www.linkedin.com/in/scottkramer
Kevin Dennis,https://www.linkedin.com/in/derek31
Steven Bell,https://www.linkedin.com/in/valeriehampton
Gerald Wallace,https://www.linkedin.com/in/rcarlson
Edward Hanson,https://www.linkedin.com/in/paulpugh
Sara Buchanan,https://www.linkedin.com/in/walter53
Julie Fritz,https://www.linkedin.com/in/mooregina
Ryan David,https://www.linkedin.com/in/lozanoalejandro
Lindsay Goodman,https://www.linkedin.com/in/ysullivan
Jennifer Smith,https://www.linkedin.com/in/thomas46
James Johnson,https://www.linkedin.com/in/bkelly
Daniel Neal,https://www.linkedin.com/in/michael03
Alicia Melendez,https://www.linkedin.com/in/martineztrevor
Mr. Tracy Acosta,https://www.linkedin.com/in/wflynn
Margaret Adams,https://www.linkedin.com/in/zhughes
Ashley Olson,https://www.linkedin.com/in/fisherkenneth
Matthew Williams,https://www.linkedin.com/in/thomaswhite
Ethan Bryant,https://www.linkedin.com/in/wmorrison
Erin Moss,https://www.linkedin.com/in/toddrobertson
Brian Bentley,https://www.linkedin.com/in/edwardslisa
Angela Thornton PhD,https://www.linkedin.com/in/smithjames
Aaron Zuniga,https://www.linkedin.com/in/xbrown
Linda Martinez,https://www.linkedin.com/in/rwells
Jodi Lucero,https://www.linkedin.com/in/wleon
Nicholas Wade,https://www.linkedin.com/in/laurie96
Mary Kim,https://www.linkedin.com/in/anthonypeters
Fred Morris,https://www.linkedin.com/in/ssanchez
Ashley Schwartz,https://www.linkedin.com/in/herrerajacqueline
Cheryl Daniels,https://www.linkedin.com/in/eric69
Joe Shields,https://www.linkedin.com/in/jmason
Samuel Hopkins,https://www.linkedin.com/in/kknight
Steven Patel,https://www.linkedin.com/in/christopher54
Justin Sims,https://www.linkedin.com/in/nielsenlori
Paul Grimes,https://www.linkedin.com/in/emilytrevino
Brian Taylor,https://www.linkedin.com/in/derek78
Ronald Murphy,https://www.linkedin.com/in/douglas43
Lorraine Decker,https://www.linkedin.com/in/vanceelizabeth
Rachel Scott,https://www.linkedin.com/in/iavila
Sarah Vasquez,https://www.linkedin.com/in/nielsenstacey
Molly Fischer,https://www.linkedin.com/in/amy14
Maria Finley,https://www.linkedin.com/in/spencer00
Crystal Henderson,https://www.linkedin.com/in/robin97
Cassandra Jones,https://www.linkedin.com/in/frostmatthew
Sarah Henderson,https://www.linkedin.com/in/fergusonjulie
Tammy Kaiser,https://www.linkedin.com/in/kimberly35
Gabrielle Huffman,https://www.linkedin.com/in/uwallace
Garrett Taylor,https://www.linkedin.com/in/uhayes
Chase Henderson,https://www.linkedin.com/in/leeamanda
Lindsay Mccormick,https://www.linkedin.com/in/robbinsbrittany
Dylan Kidd,https://www.linkedin.com/in/ortizalexandra
Kyle Smith,https://www.linkedin.com/in/brandywilliams
Kristen Ramirez,https://www.linkedin.com/in/charles98
Nancy Gardner,https://www.linkedin.com/in/stephanie12
Janet Johnston,https://www.linkedin.com/in/rpeterson
Ivan Clark,https://www.linkedin.com/in/chandlersandy
Evan Smith,https://www.linkedin.com/in/joseferrell
Benjamin Sullivan,https://www.linkedin.com/in/davislisa
Howard Morales,https://www.linkedin.com/in/allison89
Brian Hinton,https://www.linkedin.com/in/lvillanueva
Paula Miller,https://www.linkedin.com/in/hannahcasey
Kimberly Nunez,https://www.linkedin.com/in/cooperveronica
Pamela Johnson,https://www.linkedin.com/in/wendy49
Susan Baker,https://www.linkedin.com/in/stewartpatrick
Lauren Moore,https://www.linkedin.com/in/linda28
Nicole Collins,https://www.linkedin.com/in/griffithjustin
Erica Garcia,https://www.linkedin.com/in/moorematthew
Hunter Diaz,https://www.linkedin.com/in/bridget05
Samantha Garcia,https://www.linkedin.com/in/tylerfrancis
Justin Glass,https://www.linkedin.com/in/andrewforbes
John Johnson,https://www.linkedin.com/in/annbrown
Lorraine Ruiz,https://www.linkedin.com/in/linerica
Jared Wright,https://www.linkedin.com/in/cynthiaklein
Michael James,https://www.linkedin.com/in/brian62
Steven Shah,https://www.linkedin.com/in/lesliecampbell
Frank Hood,https://www.linkedin.com/in/lopeztim
Nicholas Moore,https://www.linkedin.com/in/laura52
Nicole Marshall,https://www.linkedin.com/in/william06
Dr. Renee Thomas,https://www.linkedin.com/in/jessicanelson
Cory Miller,https://www.linkedin.com/in/robert16
Danny Hartman,https://www.linkedin.com/in/nthomas
Sharon Carlson,https://www.linkedin.com/in/kelli35
David Patel,https://www.linkedin.com/in/sharonkidd
Paul Wallace,https://www.linkedin.com/in/johnstoncarolyn
Nathan Ramsey,https://www.linkedin.com/in/figueroajoseph
Carol Carter,https://www.linkedin.com/in/manuelfuller
William Russell,https://www.linkedin.com/in/brenda69
Miranda Castaneda,https://www.linkedin.com/in/erika05
Kristi Brooks,https://www.linkedin.com/in/brownangela
Gregory West,https://www.linkedin.com/in/wendy29
Dawn Hess,https://www.linkedin.com/in/robinmitchell
Brenda Lindsey,https://www.linkedin.com/in/davidwelch
Diana Rodriguez,https://www.linkedin.com/in/cochranjennifer
Benjamin Vasquez,https://www.linkedin.com/in/vwaters
Ryan Bryant,https://www.linkedin.com/in/smithbrad
Jimmy Macias,https://www.linkedin.com/in/smayo
Nichole Carter,https://www.linkedin.com/in/dayjoshua
Linda Bell,https://www.linkedin.com/in/cuevasandrea
James Chang,https://www.linkedin.com/in/bakernancy
Vanessa Walker,https://www.linkedin.com/in/lauren18
Michael Carter,https://www.linkedin.com/in/brandi62
Kyle Johnson,https://www.linkedin.com/in/emmasmith
Ronald King,https://www.linkedin.com/in/woodann
Judy Griffith,https://www.linkedin.com/in/rebeccaray
Brittney Mcfarland,https://www.linkedin.com/in/bartlettalexander
Sara Moran MD,https://www.linkedin.com/in/gregorygarcia
Lauren Cline,https://www.linkedin.com/in/ounderwood
Tammie Moore MD,https://www.linkedin.com/in/drew38
John Brady,https://www.linkedin.com/in/ernestsellers
Elizabeth Nash,https://www.linkedin.com/in/aboone
Nicole Harper,https://www.linkedin.com/in/knightkimberly
Larry Perez,https://www.linkedin.com/in/bradyashley
Steven Lowe,https://www.linkedin.com/in/william78
Stephanie Olson,https://www.linkedin.com/in/smithsandy
Cheryl Warren,https://www.linkedin.com/in/amandahaas
Sandra Carrillo,https://www.linkedin.com/in/jjones
Joseph Smith,https://www.linkedin.com/in/lanestacey
Curtis Harris,https://www.linkedin.com/in/rhudson
Michelle Clark,https://www.linkedin.com/in/philip77
John Mann,https://www.linkedin.com/in/johnsondylan
Sarah Mitchell,https://www.linkedin.com/in/jonestrevor
Sara Daniels,https://www.linkedin.com/in/wesleymyers
Norman Roman,https://www.linkedin.com/in/scowan
Jason Contreras,https://www.linkedin.com/in/peterbecker
Cory Hall,https://www.linkedin.com/in/dianaward
Vanessa Simpson,https://www.linkedin.com/in/chasematthew
David Alexander,https://www.linkedin.com/in/johnsonbryan
Sarah Wilson,https://www.linkedin.com/in/qbriggs
Tamara Walker,https://www.linkedin.com/in/zbrowning
Andrew Erickson,https://www.linkedin.com/in/nicholasstrickland
Thomas Hudson,https://www.linkedin.com/in/caitlin48
Seth Pierce,https://www.linkedin.com/in/thomas19
Lisa Moss,https://www.linkedin.com/in/gluna
Rebecca Wang,https://www.linkedin.com/in/kcalderon
Daniel Castaneda,https://www.linkedin.com/in/andersonanna
Claudia Burke,https://www.linkedin.com/in/pbutler
Sydney Lane,https://www.linkedin.com/in/jacob38
Thomas Townsend,https://www.linkedin.com/in/allen98
Mark Lowe,https://www.linkedin.com/in/jeffturner
Melissa Mann,https://www.linkedin.com/in/twade
Robert Barnes,https://www.linkedin.com/in/andersenmichael
April Willis,https://www.linkedin.com/in/bishopcory
Steven Navarro,https://www.linkedin.com/in/briannadelgado
Heather Watson,https://www.linkedin.com/in/jamesturner
Becky Crawford,https://www.linkedin.com/in/lhancock
Elizabeth Wade,https://www.linkedin.com/in/wallschristopher
Jaime Mccoy,https://www.linkedin.com/in/jesse52
Robert Clark,https://www.linkedin.com/in/hmcdaniel
Derrick Clark,https://www.linkedin.com/in/carrillosara
Melinda Neal,https://www.linkedin.com/in/michaeljones
Sarah Daniels,https://www.linkedin.com/in/emilyedwards
Kayla Hess,https://www.linkedin.com/in/phyllisgonzalez
Sandra King,https://www.linkedin.com/in/ramirezjames
Gabrielle Miller,https://www.linkedin.com/in/jimenezgabriela
Mr. Jeffrey Cox,https://www.linkedin.com/in/mriddle
Bradley Johnson,https://www.linkedin.com/in/hudsonmitchell
Michele Carter,https://www.linkedin.com/in/john32
Riley Jordan,https://www.linkedin.com/in/jenniferjones
Jeffrey White,https://www.linkedin.com/in/tammythompson
Brian Holmes,https://www.linkedin.com/in/kroman
Cathy Watson,https://www.linkedin.com/in/jacquelinehoward
Michael Smith,https://www.linkedin.com/in/arthursellers
Jill Johnson,https://www.linkedin.com/in/adamharper
David Gilbert,https://www.linkedin.com/in/cameron78
Julia Thomas,https://www.linkedin.com/in/pfaulkner
Pamela White,https://www.linkedin.com/in/annhaas
Michael Long,https://www.linkedin.com/in/austin55
Sophia Shaw,https://www.linkedin.com/in/brianbrown
Leslie Carroll,https://www.linkedin.com/in/greendavid
Tyler Coffey,https://www.linkedin.com/in/jessica78
Brandon Johnson,https://www.linkedin.com/in/michaeljohnson
Michael Fox,https://www.linkedin.com/in/kennethle
Thomas Williams,https://www.linkedin.com/in/edward21
Matthew Cohen,https://www.linkedin.com/in/weeksandrew
Lori Hicks,https://www.linkedin.com/in/tromero
Taylor Garcia,https://www.linkedin.com/in/mackwilliam
Deborah King DDS,https://www.linkedin.com/in/erik97
Denise Carlson,https://www.linkedin.com/in/marianixon
Dr. Kathryn Lee,https://www.linkedin.com/in/fmurray
Amy White,https://www.linkedin.com/in/john93
Timothy Sanchez,https://www.linkedin.com/in/ukelly
Donna Fernandez,https://www.linkedin.com/in/pharvey
Robin Aguirre,https://www.linkedin.com/in/ortizheather
Jenna Coleman,https://www.linkedin.com/in/gbaker
Joshua Wells,https://www.linkedin.com/in/garciadestiny
Kara Manning,https://www.linkedin.com/in/jrose
Hannah Simmons,https://www.linkedin.com/in/knightkaren
Emily Lewis,https://www.linkedin.com/in/jensensamuel
Monica Walsh,https://www.linkedin.com/in/baxtertimothy
Kayla Potts,https://www.linkedin.com/in/stevenkelley
Robert Wright,https://www.linkedin.com/in/debraevans
Elizabeth Rice,https://www.linkedin.com/in/davidmclean
Victoria Blair,https://www.linkedin.com/in/stephanieespinoza
David Cooke,https://www.linkedin.com/in/kurtwashington
Tyler Hawkins,https://www.linkedin.com/in/xking
Mario Oneal,https://www.linkedin.com/in/clester
Sarah Guerrero,https://www.linkedin.com/in/georgemark
Denise Lopez,https://www.linkedin.com/in/paul71
Tasha Hubbard,https://www.linkedin.com/in/yhoward
Ashlee Scott,https://www.linkedin.com/in/nelsonsamantha
Amanda Jones PhD,https://www.linkedin.com/in/douglasjoshua
Stacy Mckenzie,https://www.linkedin.com/in/smithscott
Eric Adams,https://www.linkedin.com/in/rmayer
Cindy Schultz,https://www.linkedin.com/in/rrosario
Donna Henderson,https://www.linkedin.com/in/jamie85
Michael Camacho,https://www.linkedin.com/in/littledonna
Michael Owens,https://www.linkedin.com/in/rachelrichardson
Tony Whitaker,https://www.linkedin.com/in/hbradley
Lisa Wong,https://www.linkedin.com/in/tannerking
Nicole Hendrix,https://www.linkedin.com/in/brittany70
Sheena Huerta,https://www.linkedin.com/in/jeffreymartinez
Alyssa Taylor,https://www.linkedin.com/in/clifford22
Andre Garza,https://www.linkedin.com/in/jack77
Sean Pineda,https://www.linkedin.com/in/fritter
William George,https://www.linkedin.com/in/maldonadokayla
Kristy Stewart,https://www.linkedin.com/in/zaguilar
Seth Hamilton,https://www.linkedin.com/in/brianperez
Jesse Wagner,https://www.linkedin.com/in/hscott
Lori Gilbert,https://www.linkedin.com/in/thomas45
Lawrence Hill,https://www.linkedin.com/in/gbailey
Christopher Brown,https://www.linkedin.com/in/todd71
Miguel Baker,https://www.linkedin.com/in/tristancooley
Veronica Morse,https://www.linkedin.com/in/andrewtapia
Mary Roth,https://www.linkedin.com/in/paulnelson
Danielle Cortez,https://www.linkedin.com/in/carrolljohn
Douglas Miller,https://www.linkedin.com/in/oconnorjeremy
Darren Washington,https://www.linkedin.com/in/robertbowers
Christopher Soto,https://www.linkedin.com/in/sgreer
Lauren Roberts,https://www.linkedin.com/in/howellvirginia
Kristina Fritz,https://www.linkedin.com/in/ngarza
Bethany Gross,https://www.linkedin.com/in/christinefields
Renee Chase,https://www.linkedin.com/in/pshaw
Matthew Baker,https://www.linkedin.com/in/williamweaver
Richard Clarke,https://www.linkedin.com/in/brianbush
Kathy Maxwell,https://www.linkedin.com/in/bryandavid
Jason Valenzuela,https://www.linkedin.com/in/garyfernandez
Linda Pitts,https://www.linkedin.com/in/stephanieriddle
Tracey Olsen,https://www.linkedin.com/in/hensondavid
Paul Romero,https://www.linkedin.com/in/kristen91
Kathryn Rich,https://www.linkedin.com/in/yanderson
Steve Cooper,https://www.linkedin.com/in/kbrown
Victoria Velasquez,https://www.linkedin.com/in/spencerjames
Richard Price,https://www.linkedin.com/in/marksmitchell
Mary Hall,https://www.linkedin.com/in/martinezelizabeth
Jerry Padilla,https://www.linkedin.com/in/victoria24
Patricia King,https://www.linkedin.com/in/karenmoody
Jenny Woods,https://www.linkedin.com/in/grayeric
Lori Peterson,https://www.linkedin.com/in/william99
Jessica Lamb,https://www.linkedin.com/in/shelia96
Kelly Douglas,https://www.linkedin.com/in/vickiezimmerman
Madison Johnson,https://www.linkedin.com/in/zgonzalez
Gregory Patton MD,https://www.linkedin.com/in/jodyvilla
Christine Smith,https://www.linkedin.com/in/jessicarobinson
Alison Davis,https://www.linkedin.com/in/codymcknight
Shannon Adams,https://www.linkedin.com/in/jonathan47
Tina Williamson,https://www.linkedin.com/in/lopezangela
Ryan Lutz,https://www.linkedin.com/in/tbailey
Elizabeth Gilmore,https://www.linkedin.com/in/cynthiasmith
John Jones,https://www.linkedin.com/in/michael35
Christopher White,https://www.linkedin.com/in/kevinmorris
Lisa Nichols,https://www.linkedin.com/in/alopez
Amanda Carpenter,https://www.linkedin.com/in/gregoryjames
Brian Kelley,https://www.linkedin.com/in/allisonparker
Carol Barrett,https://www.linkedin.com/in/cindyblack
Joann Baird,https://www.linkedin.com/in/wrightbrandon
Benjamin Burke,https://www.linkedin.com/in/bespinoza
Adriana Mclean,https://www.linkedin.com/in/bradleyandrew
Jill Reynolds,https://www.linkedin.com/in/vasquezsarah
Shannon Taylor MD,https://www.linkedin.com/in/heather22
Alyssa Walker,https://www.linkedin.com/in/ryan77
Daryl Padilla,https://www.linkedin.com/in/yolandamorgan
Joseph Church,https://www.linkedin.com/in/alyssa05
Keith White,https://www.linkedin.com/in/ashley62
Charles Rhodes,https://www.linkedin.com/in/barbaralewis
Manuel Clark,https://www.linkedin.com/in/vellis
Carolyn Franklin,https://www.linkedin.com/in/michaelfranklin
Sara Rose,https://www.linkedin.com/in/melinda75
Brandon Evans,https://www.linkedin.com/in/clarkdonna
Kenneth Escobar,https://www.linkedin.com/in/raymond56
Gregory Brown,https://www.linkedin.com/in/perkinsebony
Joy Ross,https://www.linkedin.com/in/ryanbruce
David Esparza,https://www.linkedin.com/in/caitlyn43
Ronald Allison,https://www.linkedin.com/in/qarcher
Lee Klein,https://www.linkedin.com/in/mariahernandez
Patricia Schroeder,https://www.linkedin.com/in/jamesmiller
Mark Foley,https://www.linkedin.com/in/abaxter
Amanda Lewis,https://www.linkedin.com/in/brownnicholas
Natasha Williams,https://www.linkedin.com/in/calvingibson
Raymond James,https://www.linkedin.com/in/lisa76
James Norton,https://www.linkedin.com/in/linda82
Karen Rose,https://www.linkedin.com/in/fuentessue
Cody Moore MD,https://www.linkedin.com/in/jenniferperez
Alexandra Welch,https://www.linkedin.com/in/hamiltonmatthew
Veronica Smith,https://www.linkedin.com/in/hintonanthony
Karen Padilla,https://www.linkedin.com/in/noahbishop
Cory Brown,https://www.linkedin.com/in/mackcarlos
Julie Price,https://www.linkedin.com/in/ronald05
Michelle Mitchell,https://www.linkedin.com/in/mlong
Melanie Villa,https://www.linkedin.com/in/vwhite
Rebecca Jones,https://www.linkedin.com/in/vsanchez
Brent Robinson,https://www.linkedin.com/in/markcarrillo
Maria Carter,https://www.linkedin.com/in/christopher23
Krista Galloway,https://www.linkedin.com/in/priceanthony
Maria Smith,https://www.linkedin.com/in/bakerdylan
Christopher French,https://www.linkedin.com/in/rmoreno
Nicole Kim,https://www.linkedin.com/in/manninglogan
Deborah Wang DVM,https://www.linkedin.com/in/fallen
David Mercer,https://www.linkedin.com/in/rcruz
Lisa Leach,https://www.linkedin.com/in/katherineschneider
Jeffery Gonzalez,https://www.linkedin.com/in/sean20
Patrick Davila,https://www.linkedin.com/in/julia11
Jill Fowler,https://www.linkedin.com/in/christinasmith
Thomas Clayton,https://www.linkedin.com/in/krichmond
Jeffrey Neal,https://www.linkedin.com/in/dbarnett
Lindsey Campos,https://www.linkedin.com/in/lisasmith
Peggy Lewis,https://www.linkedin.com/in/hhodge
Olivia Obrien,https://www.linkedin.com/in/awright
Jillian Miller,https://www.linkedin.com/in/yscott
Tina Juarez,https://www.linkedin.com/in/mkidd
Michael Ortega,https://www.linkedin.com/in/johnsdonna
Charles Larsen,https://www.linkedin.com/in/qwright
James Wyatt,https://www.linkedin.com/in/jamie48
Natalie Wiley,https://www.linkedin.com/in/ramosheidi
Ronald Rhodes,https://www.linkedin.com/in/emily51
Brittany Martinez,https://www.linkedin.com/in/pinedasamuel
Chelsea Cooke,https://www.linkedin.com/in/kellybell
Larry Schaefer,https://www.linkedin.com/in/fhudson
Jennifer Larson,https://www.linkedin.com/in/tbrandt
Nathan Huff,https://www.linkedin.com/in/krystal05
Christine Williams,https://www.linkedin.com/in/william04
Kari Anderson,https://www.linkedin.com/in/jballard
James Bennett,https://www.linkedin.com/in/fisherandrea
Jill Holder,https://www.linkedin.com/in/marymoore
Elizabeth Adams,https://www.linkedin.com/in/shepherdkelsey
Valerie Kelly,https://www.linkedin.com/in/jamespeterson
Katherine Diaz,https://www.linkedin.com/in/jason12
Robert Watson,https://www.linkedin.com/in/karen17
Donald Mendez,https://www.linkedin.com/in/jerry04
Taylor Andrews,https://www.linkedin.com/in/pcarter
Meghan Campbell,https://www.linkedin.com/in/gregorylawson
Christopher Evans,https://www.linkedin.com/in/ogreer
Lauren Yang,https://www.linkedin.com/in/megan31
Donald Stevens,https://www.linkedin.com/in/kristenjackson
Jason Shaw,https://www.linkedin.com/in/jstephenson
Patricia Hernandez,https://www.linkedin.com/in/kimberly68
Jerry Marshall,https://www.linkedin.com/in/ccampbell
Tyler Sutton,https://www.linkedin.com/in/martinezjeffrey
Heather Arias,https://www.linkedin.com/in/thomasyoung
Brandon Daniels,https://www.linkedin.com/in/tracyrodriguez
Jamie Sutton,https://www.linkedin.com/in/iwilson
Brittany Lam,https://www.linkedin.com/in/james54
Lauren Herman,https://www.linkedin.com/in/burchjennifer
Kimberly Nelson,https://www.linkedin.com/in/brittany49
Angela Smith,https://www.linkedin.com/in/phaney
Daniel Glover,https://www.linkedin.com/in/danielle86
Edward Lopez,https://www.linkedin.com/in/wcook
Stephen Morales,https://www.linkedin.com/in/taylorbryan
Jonathan Harris,https://www.linkedin.com/in/jennifer53
Dr. Amber Moore,https://www.linkedin.com/in/andreapotter
Brittany Murphy,https://www.linkedin.com/in/dthompson
Adam Hines,https://www.linkedin.com/in/joneskenneth
Valerie Carroll,https://www.linkedin.com/in/christianphillips
Daniel Woodard Jr.,https://www.linkedin.com/in/khall
Brittany Warren,https://www.linkedin.com/in/matthew33
Laura Cole,https://www.linkedin.com/in/michael92
Robin Montes,https://www.linkedin.com/in/dmendoza
Scott Harris,https://www.linkedin.com/in/charlesmartinez
Rebecca Butler,https://www.linkedin.com/in/walter33
Lawrence Newton,https://www.linkedin.com/in/cyoung
Nathan Donovan,https://www.linkedin.com/in/nancy19
Nicholas Quinn,https://www.linkedin.com/in/mcmillanjessica
Debra Anderson,https://www.linkedin.com/in/bergwilliam
Steven Roman,https://www.linkedin.com/in/cassandra77
Andrea Gonzalez,https://www.linkedin.com/in/heather47
Dave Park,https://www.linkedin.com/in/jesse23
Michael Donaldson,https://www.linkedin.com/in/caleb74
Ashley Peterson,https://www.linkedin.com/in/troyaguirre
Kristen Taylor,https://www.linkedin.com/in/williamkelley
Penny Collins,https://www.linkedin.com/in/hansonjose
Stephanie Black,https://www.linkedin.com/in/brittany67
John Hardin,https://www.linkedin.com/in/meganmunoz
Jordan Bennett,https://www.linkedin.com/in/isaiah72
Whitney Johnson,https://www.linkedin.com/in/patrick70
Adam Greene,https://www.linkedin.com/in/simonjonathan
Stephanie Mason,https://www.linkedin.com/in/jlandry
James Daniels,https://www.linkedin.com/in/alexandriajuarez
Lori Delacruz,https://www.linkedin.com/in/jessicabautista
Tracy Snyder,https://www.linkedin.com/in/eric70
Tracy Roman,https://www.linkedin.com/in/allentiffany
Kimberly Blackburn,https://www.linkedin.com/in/zmiller
Samuel Graves,https://www.linkedin.com/in/hfisher
Brad Jones,https://www.linkedin.com/in/travis99
Daniel Wiley,https://www.linkedin.com/in/mterry
Dr. Lindsay Adkins MD,https://www.linkedin.com/in/nicolelarson
Amanda Ramirez,https://www.linkedin.com/in/michael96
Christopher Myers,https://www.linkedin.com/in/iwilkinson
Phillip Stout,https://www.linkedin.com/in/oliviaburgess
Amber Bowen,https://www.linkedin.com/in/tyrone52
Clayton Evans,https://www.linkedin.com/in/gtran
Kevin Harrison,https://www.linkedin.com/in/fsimpson
Jessica Coffey,https://www.linkedin.com/in/deborahfreeman
Justin Arroyo MD,https://www.linkedin.com/in/robinsonrobert
Michael Clark,https://www.linkedin.com/in/nthomas
Erica Thomas,https://www.linkedin.com/in/laurielucas
Barbara Riggs,https://www.linkedin.com/in/ruth33
Sean Byrd,https://www.linkedin.com/in/wendyfowler
Roger Ramos,https://www.linkedin.com/in/brookslauren
Travis Ramirez,https://www.linkedin.com/in/zachary55
Scott Donaldson,https://www.linkedin.com/in/yhubbard
Michael Jones MD,https://www.linkedin.com/in/daniel07
Brian Murillo,https://www.linkedin.com/in/maria67
David Hanson,https://www.linkedin.com/in/makayla68
Christine Banks,https://www.linkedin.com/in/meganmiller
David Gonzales,https://www.linkedin.com/in/davidwatkins
Randall Scott,https://www.linkedin.com/in/amy63
Dan Bradshaw,https://www.linkedin.com/in/michelle13
Matthew Bentley,https://www.linkedin.com/in/andrew26
Courtney Hansen,https://www.linkedin.com/in/millermartin
Tiffany Taylor,https://www.linkedin.com/in/ian09
Holly Jordan,https://www.linkedin.com/in/hthomas
Mark Rios,https://www.linkedin.com/in/catherine28
Jose Oconnor,https://www.linkedin.com/in/taylortina
Rachel Freeman,https://www.linkedin.com/in/hudsoncrystal
Kristin Guzman,https://www.linkedin.com/in/hernandezlaura
Kelly Jordan,https://www.linkedin.com/in/hallthomas
Antonio Rogers,https://www.linkedin.com/in/buchananstephanie
Michelle Becker,https://www.linkedin.com/in/zachary93
Carrie Shea,https://www.linkedin.com/in/silvafrank
Lauren Sims,https://www.linkedin.com/in/bellblake
John Crawford,https://www.linkedin.com/in/hbrown
Alexandra Hall,https://www.linkedin.com/in/tylerbrooks
William Velasquez,https://www.linkedin.com/in/tsmith
Anita Payne,https://www.linkedin.com/in/jonathonwilkins
Jane Ho,https://www.linkedin.com/in/bburke
Lori Burns,https://www.linkedin.com/in/kmedina
Tina Mccarthy,https://www.linkedin.com/in/ftodd
Margaret Horton,https://www.linkedin.com/in/mikeyates
Yvette Hodges,https://www.linkedin.com/in/jamesjordan
Amber Holland,https://www.linkedin.com/in/waltonthomas
Gail Aguilar,https://www.linkedin.com/in/andrewross
Angela Smith,https://www.linkedin.com/in/brandiwarner
Jeanette Washington,https://www.linkedin.com/in/oconnorscott
Jenna Hall,https://www.linkedin.com/in/derek28
Dr. Hannah Sherman PhD,https://www.linkedin.com/in/salazarrobert
Martin Carroll,https://www.linkedin.com/in/jrussell
Lauren Cruz,https://www.linkedin.com/in/richard31
Julia Scott,https://www.linkedin.com/in/kathleenlewis
Grace Riggs,https://www.linkedin.com/in/richardsmith
Susan Allen,https://www.linkedin.com/in/christopher35
Margaret Lowery,https://www.linkedin.com/in/howard07
Jason Grant,https://www.linkedin.com/in/ryanhernandez
Tiffany Patterson,https://www.linkedin.com/in/kyle20
Tonya Lawrence,https://www.linkedin.com/in/jonathan48
Heather Bailey,https://www.linkedin.com/in/briannagross
Susan Hunt,https://www.linkedin.com/in/romerolee
Cynthia Cooper,https://www.linkedin.com/in/gonzalezandres
Steven Gay,https://www.linkedin.com/in/michelle32
Stacy Harrison,https://www.linkedin.com/in/ggonzalez
Stephanie Simmons,https://www.linkedin.com/in/johnsonwayne
Terry Carter,https://www.linkedin.com/in/laurawinters
Nicole Rodriguez,https://www.linkedin.com/in/janetbennett
Timothy Vaughan,https://www.linkedin.com/in/shawn55
Mary Gonzales,https://www.linkedin.com/in/waltonchristine
Jonathan Carter,https://www.linkedin.com/in/paul98
Margaret Benitez,https://www.linkedin.com/in/stephanierichardson
Steven Esparza,https://www.linkedin.com/in/robertstone
Allison Silva,https://www.linkedin.com/in/jessicapratt
Anne Howell,https://www.linkedin.com/in/allenstefanie
Tonya Hill,https://www.linkedin.com/in/bennettbrittany
Ricky Mason,https://www.linkedin.com/in/douglas04
Joseph Campbell,https://www.linkedin.com/in/hallcynthia
Laxmi Kant,https://www.linkedin.com/in/laxmimerit
